<?xml version="1.0" encoding="UTF-8" standalone="yes"?>
<tempoFeedHaul xmlns:a="http://www.appian.com/ae/types/2009">
    <tempoFeed>
        <uuid>4016c44b-70ba-4123-a9f1-370fd6ea68c8</uuid>
        <name>Employee Management System</name>
        <description>Feed for updates about EMS</description>
        <showInCatalog>true</showInCatalog>
        <systemFeed>false</systemFeed>
    </tempoFeed>
    <roleMap>
        <role name="administrator">
            <users/>
            <groups>
                <groupUuid>SYSTEM_GROUP_ROLE_QUICK_APP_CREATORS</groupUuid>
            </groups>
        </role>
    </roleMap>
</tempoFeedHaul>
