<?xml version="1.0" encoding="UTF-8"?><applicationHaul xmlns:a="http://www.appian.com/ae/types/2009">
    <application>
        <name>Employee Management System</name>
        <uuid>_a-0001dda0-2f73-8000-aae2-01ef9001ef90_16204</uuid>
        <description>This system helps in supervising employees work report and productivity.</description>
        <parentUuid>SYSTEM_APPLICATIONS_ROOT</parentUuid>
        <visibility>
            <advertise>false</advertise>
            <hierarchy>true</hierarchy>
            <indexable>true</indexable>
            <quota>false</quota>
            <searchable>true</searchable>
            <system>false</system>
            <unlogged>false</unlogged>
        </visibility>
        <urlIdentifier>2ja-sQ</urlIdentifier>
        <published>true</published>
        <public>false</public>
        <associatedObjects>
            <globalIdMap>
                <item>
                    <type>datatype</type>
                    <uuids>
                        <uuid>{urn:com:appian:types:EMS}EMS_Status</uuid>
                        <uuid>{urn:com:appian:types:EMS}EMS_Priority</uuid>
                        <uuid>{urn:com:appian:types:EMS}EMS_Department</uuid>
                        <uuid>{urn:com:appian:types:EMS}EMS_Activity</uuid>
                        <uuid>{urn:com:appian:types:EMS}EMS_EMS</uuid>
                        <uuid>{com.appian.iacd}Emolpyee</uuid>
                        <uuid>{urn:com:appian:types}Customer</uuid>
                    </uuids>
                </item>
                <item>
                    <type>dataStore</type>
                    <uuids>
                        <uuid>_a-0001dda0-2f73-8000-aae2-01ef9001ef90_16256</uuid>
                    </uuids>
                </item>
                <item>
                    <type>user</type>
                    <uuids/>
                </item>
                <item>
                    <type>groupType</type>
                    <uuids/>
                </item>
                <item>
                    <type>group</type>
                    <uuids>
                        <uuid>_e-0000dda0-2f7f-8000-aae2-011e94011e94_110</uuid>
                        <uuid>_e-0000dda0-2f7f-8000-aae2-011e94011e94_111</uuid>
                        <uuid>SYSTEM_GROUP_ROLE_QUICK_APP_CREATORS</uuid>
                    </uuids>
                </item>
                <item>
                    <type>content</type>
                    <uuids>
                        <uuid>41327b2c-a17c-4e00-8f1f-6e5ff91cb2fb</uuid>
                        <uuid>_a-0001dda0-2f73-8000-aae2-01ef9001ef90_16253</uuid>
                        <uuid>_a-0001dda0-2f73-8000-aae2-01ef9001ef90_16254</uuid>
                        <uuid>_a-0001dda0-2f73-8000-aae2-01ef9001ef90_16255</uuid>
                        <uuid>_a-0001dda0-2f73-8000-aae2-01ef9001ef90_16260</uuid>
                        <uuid>_a-0001dda0-2f73-8000-aae2-01ef9001ef90_16258</uuid>
                        <uuid>e06f41de-9824-4bac-88e6-e878d655dda7_CHANGEDSECONSTANT</uuid>
                        <uuid>7bb0bbb8-4ea0-4b9a-8dba-bfdd2371b664_MAINDSECONSTANT</uuid>
                        <uuid>_a-0001dda0-2f73-8000-aae2-01ef9001ef90_16259</uuid>
                        <uuid>_a-0001dda0-2f73-8000-aae2-01ef9001ef90_16263</uuid>
                        <uuid>_a-0001dda0-2f73-8000-aae2-01ef9001ef90_16264</uuid>
                        <uuid>_a-0001dda0-2f73-8000-aae2-01ef9001ef90_16265</uuid>
                        <uuid>_a-0001dda0-2f73-8000-aae2-01ef9001ef90_16266</uuid>
                        <uuid>5dc87a26-e9e7-4449-b03a-da1a577e6c21</uuid>
                        <uuid>a037bff5-cbb0-4ce4-9850-4ca4fc24318c_ACTIONCOMPLETED</uuid>
                        <uuid>_a-0001dda0-2f73-8000-aae2-01ef9001ef90_16241</uuid>
                        <uuid>_a-0001dda0-2f73-8000-aae2-01ef9001ef90_16225</uuid>
                        <uuid>97597486-ded5-4b50-a2f8-f297f610d000_FORMATNAME</uuid>
                        <uuid>_a-0001dda0-2f73-8000-aae2-01ef9001ef90_16229</uuid>
                        <uuid>_a-0001dda0-2f73-8000-aae2-01ef9001ef90_16242</uuid>
                        <uuid>_a-0001dda0-2f73-8000-aae2-01ef9001ef90_16226</uuid>
                        <uuid>_a-0001dda0-2f73-8000-aae2-01ef9001ef90_16220</uuid>
                        <uuid>8ce86692-a813-43e9-a433-b3216531dc5f_GETONERECORD</uuid>
                        <uuid>_a-0001dda0-2f73-8000-aae2-01ef9001ef90_16240</uuid>
                        <uuid>_a-0001dda0-2f73-8000-aae2-01ef9001ef90_16231</uuid>
                        <uuid>ac86e7dc-018b-42e1-8287-783f00422b75_KC</uuid>
                        <uuid>4a30c0e7-b1cd-4a3c-ade4-6c0a5e7bdde9</uuid>
                        <uuid>_a-0001dda0-2f73-8000-aae2-01ef9001ef90_16217</uuid>
                        <uuid>_a-0001dda0-2f73-8000-aae2-01ef9001ef90_16239</uuid>
                        <uuid>_a-0001dda0-2f73-8000-aae2-01ef9001ef90_16244</uuid>
                        <uuid>_a-0001dda0-2f73-8000-aae2-01ef9001ef90_16233</uuid>
                        <uuid>_a-0001dda0-2f73-8000-aae2-01ef9001ef90_16246</uuid>
                        <uuid>_a-0001dda0-2f73-8000-aae2-01ef9001ef90_16218</uuid>
                        <uuid>_a-0001dda0-2f73-8000-aae2-01ef9001ef90_16248</uuid>
                        <uuid>_a-0001dda0-2f73-8000-aae2-01ef9001ef90_16212</uuid>
                        <uuid>_a-0001dda0-2f73-8000-aae2-01ef9001ef90_16249</uuid>
                        <uuid>_a-0001dda0-2f73-8000-aae2-01ef9001ef90_16238</uuid>
                        <uuid>_a-0001dda0-2f73-8000-aae2-01ef9001ef90_16235</uuid>
                        <uuid>_a-0001dda0-2f73-8000-aae2-01ef9001ef90_16236</uuid>
                        <uuid>_a-0001dda0-2f73-8000-aae2-01ef9001ef90_16224</uuid>
                        <uuid>_a-0001dda0-2f73-8000-aae2-01ef9001ef90_16211</uuid>
                        <uuid>_a-0001dda0-2f73-8000-aae2-01ef9001ef90_16247</uuid>
                        <uuid>c3ee36a1-e3e5-4c31-ad33-d41923ef5106_ACTIONSKIPPED</uuid>
                        <uuid>_a-0001dda0-2f73-8000-aae2-01ef9001ef90_16221</uuid>
                        <uuid>_a-0001dda0-2f73-8000-aae2-01ef9001ef90_16237</uuid>
                        <uuid>_a-0001dda0-2f73-8000-aae2-01ef9001ef90_16207</uuid>
                        <uuid>_a-0001dda0-2f73-8000-aae2-01ef9001ef90_16208</uuid>
                        <uuid>_a-0001dda0-2f73-8000-aae2-01ef9001ef90_16209</uuid>
                        <uuid>d7d53e0e-3bcf-46ce-89df-e7fbe661cc63_MAKEACTIVITYCDT</uuid>
                        <uuid>3b3eec55-9f1f-4065-88f7-03347db922b9_TASKFORM</uuid>
                        <uuid>_a-0001dda0-2f73-8000-aae2-01ef9001ef90_16252</uuid>
                        <uuid>6525c286-6423-4000-8fec-f92b39618211</uuid>
                        <uuid>5890483d-8b4f-46c4-87ac-1f5a74be34e0_ATTACH</uuid>
                        <uuid>_a-0001dda0-2f73-8000-aae2-01ef9001ef90_16214</uuid>
                        <uuid>_a-0001dda0-2f73-8000-aae2-01ef9001ef90_16251</uuid>
                        <uuid>_a-0001dda0-2f73-8000-aae2-01ef9001ef90_16215</uuid>
                        <uuid>_a-0001dda0-2f73-8000-aae2-01ef9001ef90_16216</uuid>
                        <uuid>_a-0001dda0-2f73-8000-aae2-01ef9001ef90_16245</uuid>
                        <uuid>_a-0001dda0-2f73-8000-aae2-01ef9001ef90_16222</uuid>
                        <uuid>_a-0001dda0-2f73-8000-aae2-01ef9001ef90_16230</uuid>
                        <uuid>_a-0001dda0-2f73-8000-aae2-01ef9001ef90_16223</uuid>
                        <uuid>_a-0001dda0-2f73-8000-aae2-01ef9001ef90_16219</uuid>
                        <uuid>_a-0001dda0-2f73-8000-aae2-01ef9001ef90_16250</uuid>
                        <uuid>_a-0001dda0-2f73-8000-aae2-01ef9001ef90_16232</uuid>
                        <uuid>_a-0001dda0-2f73-8000-aae2-01ef9001ef90_16213</uuid>
                        <uuid>_a-0001dda0-2f73-8000-aae2-01ef9001ef90_16324</uuid>
                        <uuid>SYSTEM_RULE_FOLDER_QUICK_APPS</uuid>
                        <uuid>_a-0000dfed-a419-8000-3120-01ef9001ef90_23716</uuid>
                        <uuid>_a-0000deea-a4a7-8000-3457-01ef9001ef90_84476</uuid>
                        <uuid>_a-0000e0d5-aa1e-8000-3120-01ef9001ef90_13549</uuid>
                        <uuid>_a-0000e0d5-aa1e-8000-3120-01ef9001ef90_13843</uuid>
                        <uuid>_a-0000e0d5-aa1e-8000-3120-01ef9001ef90_13878</uuid>
                        <uuid>_a-0000e0d5-aa1e-8000-3120-01ef9001ef90_13928</uuid>
                        <uuid>_a-0000e0d5-aa1e-8000-3120-01ef9001ef90_13929</uuid>
                    </uuids>
                </item>
                <item>
                    <type>forum</type>
                    <uuids/>
                </item>
                <item>
                    <type>processModelFolder</type>
                    <uuids>
                        <uuid>921e1880-f66f-4e42-831e-d80b176f2556</uuid>
                    </uuids>
                </item>
                <item>
                    <type>processModel</type>
                    <uuids>
                        <uuid>46ef3b4d-2d90-42f4-8092-bf3ed6e6b979</uuid>
                        <uuid>c3295274-596d-403c-a4cc-195b69cb1fd2</uuid>
                        <uuid>36b60c40-5a63-4d61-95eb-6a6d7e2906e4</uuid>
                        <uuid>e4fdb5a4-a34d-4066-87f0-df8a05c4093d</uuid>
                        <uuid>855d7c29-2bda-4272-baab-01f607b9bb04</uuid>
                        <uuid>0002e051-d933-8000-30e8-014d98014d98</uuid>
                    </uuids>
                </item>
                <item>
                    <type>portlet</type>
                    <uuids/>
                </item>
                <item>
                    <type>page</type>
                    <uuids/>
                </item>
                <item>
                    <type>application</type>
                    <uuids/>
                </item>
                <item>
                    <type>tempoFeed</type>
                    <uuids>
                        <uuid>4016c44b-70ba-4123-a9f1-370fd6ea68c8</uuid>
                    </uuids>
                </item>
                <item>
                    <type>recordType</type>
                    <uuids>
                        <uuid>8d17c056-5a85-4750-838b-237b1ef2d71a</uuid>
                    </uuids>
                </item>
                <item>
                    <type>tempoReport</type>
                    <uuids>
                        <uuid>0064dd4f-6623-4a0b-8762-65cdf4d755ca</uuid>
                    </uuids>
                </item>
                <item>
                    <type>taskReport</type>
                    <uuids/>
                </item>
                <item>
                    <type>webApi</type>
                    <uuids/>
                </item>
                <item>
                    <type>site</type>
                    <uuids/>
                </item>
                <item>
                    <type>adminSetting</type>
                    <uuids/>
                </item>
                <item>
                    <type>thirdPartyCredentials</type>
                    <uuids/>
                </item>
                <item>
                    <type>dataSource</type>
                    <uuids/>
                </item>
            </globalIdMap>
        </associatedObjects>
        <applicationNavigation/>
        <applicationActions>
            <action>
                <displayLabel>Add Employee</displayLabel>
                <description>Add a new employee</description>
                <processModelUuid>855d7c29-2bda-4272-baab-01f607b9bb04</processModelUuid>
                <actionUuid>61900088-b8a7-4358-89a7-f2133cf8e590</actionUuid>
            </action>
        </applicationActions>
        <associatedApplications>
            <globalIdMap>
                <item>
                    <type>datatype</type>
                    <uuids/>
                </item>
                <item>
                    <type>dataStore</type>
                    <uuids/>
                </item>
                <item>
                    <type>user</type>
                    <uuids/>
                </item>
                <item>
                    <type>groupType</type>
                    <uuids/>
                </item>
                <item>
                    <type>group</type>
                    <uuids/>
                </item>
                <item>
                    <type>content</type>
                    <uuids/>
                </item>
                <item>
                    <type>forum</type>
                    <uuids/>
                </item>
                <item>
                    <type>processModelFolder</type>
                    <uuids/>
                </item>
                <item>
                    <type>processModel</type>
                    <uuids/>
                </item>
                <item>
                    <type>portlet</type>
                    <uuids/>
                </item>
                <item>
                    <type>page</type>
                    <uuids/>
                </item>
                <item>
                    <type>application</type>
                    <uuids/>
                </item>
                <item>
                    <type>tempoFeed</type>
                    <uuids/>
                </item>
                <item>
                    <type>recordType</type>
                    <uuids/>
                </item>
                <item>
                    <type>tempoReport</type>
                    <uuids/>
                </item>
                <item>
                    <type>taskReport</type>
                    <uuids/>
                </item>
                <item>
                    <type>webApi</type>
                    <uuids/>
                </item>
                <item>
                    <type>site</type>
                    <uuids/>
                </item>
                <item>
                    <type>adminSetting</type>
                    <uuids/>
                </item>
                <item>
                    <type>thirdPartyCredentials</type>
                    <uuids/>
                </item>
                <item>
                    <type>dataSource</type>
                    <uuids/>
                </item>
            </globalIdMap>
        </associatedApplications>
    </application>
    <roleMap>
        <contentRoleMap public="true">
            <role allowForAll="false" inherit="false" name="readers">
                <users/>
                <groups>
                    <groupUuid>_e-0000dda0-2f7f-8000-aae2-011e94011e94_110</groupUuid>
                    <groupUuid>_e-0000dda0-2f7f-8000-aae2-011e94011e94_111</groupUuid>
                </groups>
            </role>
            <role allowForAll="false" inherit="false" name="authors">
                <users/>
                <groups/>
            </role>
            <role allowForAll="false" inherit="false" name="administrators">
                <users>
                    <userUuid>sidhantb</userUuid>
                </users>
                <groups>
                    <groupUuid>SYSTEM_GROUP_ROLE_QUICK_APP_CREATORS</groupUuid>
                </groups>
            </role>
            <role allowForAll="false" inherit="false" name="denyReaders">
                <users/>
                <groups/>
            </role>
            <role allowForAll="false" inherit="false" name="denyAuthors">
                <users/>
                <groups/>
            </role>
            <role allowForAll="false" inherit="false" name="denyAdministrators">
                <users/>
                <groups/>
            </role>
        </contentRoleMap>
    </roleMap>
</applicationHaul><!--updated on 2019-01-14T12:40:40.672-->
