<?xml version="1.0" encoding="UTF-8" standalone="yes"?>
<dataStoreHaul xmlns:a="http://www.appian.com/ae/types/2009">
    <dataStore>
        <uuid>_a-0001dda0-2f73-8000-aae2-01ef9001ef90_16256</uuid>
        <name>EMS EMS</name>
        <description></description>
        <dataSourceKey>jdbc/iVOB</dataSourceKey>
        <adaptingExplicitSqlNames>false</adaptingExplicitSqlNames>
        <autoUpdateSchema>false</autoUpdateSchema>
        <entities>
            <entity>
                <uuid>e34e1aca-b383-4cf0-9986-b5c89fa12252</uuid>
                <name>EMS_Status</name>
                <type>{urn:com:appian:types:EMS}EMS_Status</type>
            </entity>
            <entity>
                <uuid>12ceefa4-3460-4f96-817e-b7b62e29f906</uuid>
                <name>EMS_Priority</name>
                <type>{urn:com:appian:types:EMS}EMS_Priority</type>
            </entity>
            <entity>
                <uuid>6e4cc4f4-6b00-4d2f-9dd3-5d46a2de9521</uuid>
                <name>EMS_Department</name>
                <type>{urn:com:appian:types:EMS}EMS_Department</type>
            </entity>
            <entity>
                <uuid>21eebd1d-c2a3-4c6e-8df0-fa2363bbda3e</uuid>
                <name>EMS_Activity</name>
                <type>{urn:com:appian:types:EMS}EMS_Activity</type>
            </entity>
            <entity>
                <uuid>70a68d30-a64c-4b94-af57-16d53764f5f6</uuid>
                <name>EMS_EMS</name>
                <type>{urn:com:appian:types:EMS}EMS_EMS</type>
            </entity>
        </entities>
    </dataStore>
    <isPublished>true</isPublished>
    <roleMap>
        <role inherit="false" allowForAll="false" name="administrators">
            <users/>
            <groups>
                <groupUuid>SYSTEM_GROUP_ROLE_QUICK_APP_CREATORS</groupUuid>
            </groups>
        </role>
        <role inherit="false" allowForAll="false" name="authors">
            <users/>
            <groups/>
        </role>
        <role inherit="false" allowForAll="false" name="denyAdministrators">
            <users/>
            <groups/>
        </role>
        <role inherit="false" allowForAll="false" name="denyAuthors">
            <users/>
            <groups/>
        </role>
        <role inherit="false" allowForAll="false" name="denyReaders">
            <users/>
            <groups/>
        </role>
        <role inherit="false" allowForAll="false" name="readers">
            <users/>
            <groups>
                <groupUuid>_e-0000dda0-2f7f-8000-aae2-011e94011e94_110</groupUuid>
            </groups>
        </role>
    </roleMap>
</dataStoreHaul>
