<?xml version="1.0" encoding="UTF-8" standalone="yes"?>
<contentHaul xmlns:a="http://www.appian.com/ae/types/2009">
    <rule>
        <name>EMS_AllEMS</name>
        <uuid>_a-0001dda0-2f73-8000-aae2-01ef9001ef90_16250</uuid>
        <description>Report on all EMS</description>
        <parentUuid>41327b2c-a17c-4e00-8f1f-6e5ff91cb2fb</parentUuid>
        <visibility>
            <advertise>false</advertise>
            <hierarchy>true</hierarchy>
            <indexable>true</indexable>
            <quota>false</quota>
            <searchable>true</searchable>
            <system>false</system>
            <unlogged>false</unlogged>
        </visibility>
        <definition>load(
  /* Search terms and filters */
  local!searchTerm,
  local!creator,
  local!creationMonth,
  local!statusFilter,
  local!priorityFilter,
  local!pagingInfo: #"SYSTEM_SYSRULES_pagingInfo"(1, -1, #"SYSTEM_SYSRULES_sortInfo"("createdOn", false)),
  /* Data for the top creators chart. Returns the number *
   * of records entered by each of the top 5 users       */
  local!creatorDatasubset: #"SYSTEM_SYSRULES_queryEntity"(
    entity: #"7bb0bbb8-4ea0-4b9a-8dba-bfdd2371b664_MAINDSECONSTANT",
    query: #"SYSTEM_SYSRULES_query"(
      aggregation: #"SYSTEM_SYSRULES_queryAggregation"(
        aggregationColumns: {
          #"SYSTEM_SYSRULES_queryAggregationColumn"(field: "createdBy", isGrouping: true),
          #"SYSTEM_SYSRULES_queryAggregationColumn"(field: "id", aggregationFunction: "COUNT"),
        }
      ),
      pagingInfo: #"SYSTEM_SYSRULES_pagingInfo"(1, 5, #"SYSTEM_SYSRULES_sortInfo"("id", false))
    )
  ),
  /* Raw data for the number of records by month chart.  *
   * Returns the creation date for each record so that   *
   * they can be grouped by month in a later step        */
  local!recordsbyMonthDatasubset: #"SYSTEM_SYSRULES_queryEntity"(
    entity: #"7bb0bbb8-4ea0-4b9a-8dba-bfdd2371b664_MAINDSECONSTANT",
    query: #"SYSTEM_SYSRULES_query"(
      selection: #"SYSTEM_SYSRULES_querySelection"(
        columns: {
          #"SYSTEM_SYSRULES_queryColumn"(field: "createdOn"),
          #"SYSTEM_SYSRULES_queryColumn"(field: "id")
        }
      ),
      pagingInfo: #"SYSTEM_SYSRULES_pagingInfo"(1, -1)
    )
  ),
  /* Data for the records by status chart */
  local!statusDatasubset: #"SYSTEM_SYSRULES_queryEntity"(
    entity: #"7bb0bbb8-4ea0-4b9a-8dba-bfdd2371b664_MAINDSECONSTANT",
    query: #"SYSTEM_SYSRULES_query"(
      aggregation: #"SYSTEM_SYSRULES_queryAggregation"(
        aggregationColumns: {
          #"SYSTEM_SYSRULES_queryAggregationColumn"(field: "EMS_status.value", isGrouping: true),
          #"SYSTEM_SYSRULES_queryAggregationColumn"(field: "id", aggregationFunction: "COUNT"),
        }
      ),
      pagingInfo: #"SYSTEM_SYSRULES_pagingInfo"(1, -1)
    )
  ),
  /* Data for the records by priority chart */
  local!priorityDatasubset: #"SYSTEM_SYSRULES_queryEntity"(
    entity: #"7bb0bbb8-4ea0-4b9a-8dba-bfdd2371b664_MAINDSECONSTANT",
    query: #"SYSTEM_SYSRULES_query"(
      aggregation: #"SYSTEM_SYSRULES_queryAggregation"(
        aggregationColumns: {
          #"SYSTEM_SYSRULES_queryAggregationColumn"(field: "EMS_priority.value", isGrouping: true),
          #"SYSTEM_SYSRULES_queryAggregationColumn"(field: "id", aggregationFunction: "COUNT"),
        }
      ),
      pagingInfo: #"SYSTEM_SYSRULES_pagingInfo"(1, -1)
    )
  ),
  with(
    /* Data that will be displayed in the grid given the *
     * current search terms and applied filters          */
    local!datasubset: #"SYSTEM_SYSRULES_queryEntity"(
      entity: #"7bb0bbb8-4ea0-4b9a-8dba-bfdd2371b664_MAINDSECONSTANT",
      query: #"SYSTEM_SYSRULES_query"(
        selection: #"SYSTEM_SYSRULES_querySelection"(
          columns: {
            #"SYSTEM_SYSRULES_queryColumn"(field: "id"),
            #"SYSTEM_SYSRULES_queryColumn"(field: "employeeName"),
            #"SYSTEM_SYSRULES_queryColumn"(field: "EMS_status"),
            #"SYSTEM_SYSRULES_queryColumn"(field: "EMS_priority"),
            #"SYSTEM_SYSRULES_queryColumn"(field: "dateOfBirth"),
            #"SYSTEM_SYSRULES_queryColumn"(field: "email"),
            #"SYSTEM_SYSRULES_queryColumn"(field: "EMS_department"),
            #"SYSTEM_SYSRULES_queryColumn"(field: "relativeExperience"),
            #"SYSTEM_SYSRULES_queryColumn"(field: "totalExperience")
          }
        ),
        logicalExpression: if(
          and(isnull(local!searchTerm), isnull(local!creator), isnull(local!creationMonth), isnull(local!statusFilter), isnull(local!priorityFilter)),
          /* If no search or filters have been used, don't filter the data in the query */
          null,
          #"SYSTEM_SYSRULES_queryLogicalExpression"(
            operator: "AND",
            logicalExpressions: if(
              isnull(local!searchTerm),
              {},
              #"SYSTEM_SYSRULES_queryLogicalExpression"(
                operator: "OR",
                filters: {
                  #"SYSTEM_SYSRULES_queryFilter"(field: "employeeName", operator: "includes", value: local!searchTerm),
                  #"SYSTEM_SYSRULES_queryFilter"(field: "EMS_status.value", operator: "includes", value: local!searchTerm),
                  #"SYSTEM_SYSRULES_queryFilter"(field: "EMS_priority.value", operator: "includes", value: local!searchTerm),
                  #"SYSTEM_SYSRULES_queryFilter"(field: "email", operator: "includes", value: local!searchTerm),
                  #"SYSTEM_SYSRULES_queryFilter"(field: "EMS_department.value", operator: "includes", value: local!searchTerm),
                  if(
                    isnull(todecimal(local!searchTerm)),
                    {},
                    #"SYSTEM_SYSRULES_queryFilter"(field: "relativeExperience", operator: "=", value: todecimal(local!searchTerm))
                  ),
                  #"SYSTEM_SYSRULES_queryFilter"(field: "totalExperience", operator: "includes", value: local!searchTerm)
                }
              )
            ),
            filters: {
              if(
                isnull(local!creator),
                null,
                #"SYSTEM_SYSRULES_queryFilter"(field: "createdBy", operator: "=", value: local!creator)
              ),
              if(
                isnull(local!creationMonth),
                null,
                #"SYSTEM_SYSRULES_queryFilter"(
                  field: "createdOn",
                  operator: "between",
                  value: {
                    todatetime(eomonth(today(), local!creationMonth-1)+1),
                    todatetime(eomonth(today(), local!creationMonth))
                  }
                )
              ),
              if(
                isnull(local!statusFilter),
                null,
                #"SYSTEM_SYSRULES_queryFilter"(field: "EMS_status.value", operator: "=", value: local!statusFilter)
              ),
              if(
                isnull(local!priorityFilter),
                null,
                #"SYSTEM_SYSRULES_queryFilter"(field: "EMS_priority.value", operator: "=", value: local!priorityFilter)
              )
            }
          )
        ),
        pagingInfo: local!pagingInfo
      )
    ),
    /* Returns the number of records entered by month */
    local!recordsByMonth: #"_a-0001dda0-2f73-8000-aae2-01ef9001ef90_16219"(local!recordsByMonthDatasubset),
    #"SYSTEM_SYSRULES_dashboardLayout"(
      firstColumnContents: {
        if(
          and(
            local!datasubset.totalCount = 0,
            isnull(local!searchTerm),
            isnull(local!creator),
            isnull(local!creationMonth),
            isnull(local!statusFilter),
            isnull(local!priorityFilter)
          ),
          #"SYSTEM_SYSRULES_richTextDisplayField"(
            labelPosition: "COLLAPSED",
            align: "CENTER",
            value: {
              #"SYSTEM_SYSRULES_richTextItem"(
                text: "





No one has created any " &amp; "EMS" &amp; " yet",
                style: "HEADER_MEDIUM"
              ),
              #"SYSTEM_SYSRULES_richTextItem"(
                text: "As entries are created, statistics and details about them will appear here"
              )
            }
          ),
          {
            #"SYSTEM_SYSRULES_sectionLayout"(
              label: "EMS Statistics",
              firstColumnContents: {
                #"SYSTEM_SYSRULES_columnChartField"(
                  label: "Top EMS Creators",
                  showLegend: false,
                  categories: if(
                    local!creatorDatasubset.totalCount=0,
                    {},
                    apply(
                      #"97597486-ded5-4b50-a2f8-f297f610d000_FORMATNAME",
                      index(local!creatorDatasubset.data, "createdBy", null)
                    )
                  ),
                  series: #"SYSTEM_SYSRULES_chartSeries"(
                    label: "EMS Created",
                    data: index(local!creatorDatasubset.data, "id", null),
                    links: if(
                      local!creatorDatasubset.totalCount=0,
                      {},
                      apply(
                        #"SYSTEM_SYSRULES_dynamicLink"(value: _, saveInto: local!creator),
                        index(local!creatorDatasubset.data, "createdBy", null)
                      )
                    )
                  )
                ),
                #"SYSTEM_SYSRULES_lineChartField"(
                  label: "Recent EMS By Month",
                  categories: local!recordsByMonth.month,
                  showLegend: false,
                  series: #"SYSTEM_SYSRULES_chartSeries"(
                    label: "EMS Count",
                    data: local!recordsByMonth.count,
                    links: apply(
                      #"SYSTEM_SYSRULES_dynamicLink"(value: _, saveInto: local!creationMonth),
                      /* When the user filters by creation month, save the offset *
                       * between the selected month and the current month         */
                      0-(5-enumerate(length(local!recordsByMonth.month)))
                    )
                  )
                )
              },
              secondColumnContents: {
                #"SYSTEM_SYSRULES_pieChartField"(
                  label: "EMS by Status",
                  series: if(
                    local!statusDatasubset.totalCount=0,
                    {},
                    apply(
                      #"_a-0001dda0-2f73-8000-aae2-01ef9001ef90_16222"(
                        data: _,
                        field: "EMS_status",
                        linkSaveInto: local!statusFilter
                      ),
                      local!statusDatasubset.data
                    )
                  ),
                  showTooltips: true
                ),
                #"SYSTEM_SYSRULES_pieChartField"(
                  label: "EMS by Priority",
                  series: if(
                    local!priorityDatasubset.totalCount=0,
                    {},
                    apply(
                      #"_a-0001dda0-2f73-8000-aae2-01ef9001ef90_16222"(
                        data: _,
                        field: "EMS_priority",
                        linkSaveInto: local!priorityFilter
                      ),
                      local!priorityDatasubset.data
                    )
                  ),
                  showTooltips: true
                )
              }
            ),
            #"SYSTEM_SYSRULES_sectionLayout"(
              label: "EMS Details",
              firstColumnContents: {
                #"SYSTEM_SYSRULES_textField"(
                  labelPosition: "COLLAPSED",
                  placeholder: "Search record fields",
                  value: local!searchTerm,
                  saveInto: local!searchTerm,
                  refreshAfter: "KEYPRESS"
                )
              },
              secondColumnContents: {
                #"_a-0001dda0-2f73-8000-aae2-01ef9001ef90_16242"(
                  creator: local!creator,
                  creationTime: local!creationMonth,
                  status: local!statusFilter,
                  priority: local!priorityFilter,
                  searchTerm: local!searchTerm
                )
              }
            ),
            #"SYSTEM_SYSRULES_sectionLayout"(
              firstColumnContents: {
                #"SYSTEM_SYSRULES_gridField"(
                  totalCount: local!datasubset.totalCount,
                  emptyGridMessage: "No EMS available",
                  columns: {
                    #"SYSTEM_SYSRULES_gridTextColumn"(
                      label: "Employee Name",
                      field: "employeeName",
                      data: index(local!datasubset.data, "employeeName", null),
                      links: if(
                        isnull(index(local!datasubset.data, "id", null)),
                        {},
                        apply(
                          #"SYSTEM_SYSRULES_recordLink"(label: _, recordType: #"_a-0001dda0-2f73-8000-aae2-01ef9001ef90_16215", identifier: _),
                          merge(
                            index(local!datasubset.data, "employeeName", null),
                            index(local!datasubset.data, "id", null)
                          )
                        )
                      )
                    ),
                    #"SYSTEM_SYSRULES_gridTextColumn"(
                      label: "Status",
                      field: "EMS_status.value",
                      data: index(index(local!datasubset.data, "EMS_status", null), "value", null)
                    ),
                    #"SYSTEM_SYSRULES_gridImageColumn"(
                      label: "Priority",
                      field: "EMS_priority.value",
                      data: if(
                        isnull(index(local!datasubset.data, "EMS_priority", null)),
                        {},
                        apply(
                          #"_a-0001dda0-2f73-8000-aae2-01ef9001ef90_16240",
                          index(index(local!datasubset.data, "EMS_priority", null), "value", null)
                        )
                      ),
                      size: "ICON"
                    ),
                    #"SYSTEM_SYSRULES_gridTextColumn"(
                      label: "Date Of Birth",
                      field: "dateOfBirth",
                      data: index(local!datasubset.data, "dateOfBirth", null)
                    ),
                    #"SYSTEM_SYSRULES_gridTextColumn"(
                      label: "Email",
                      field: "email",
                      data: index(local!datasubset.data, "email", null)
                    ),
                    #"SYSTEM_SYSRULES_gridTextColumn"(
                      label: "Department",
                      field: "EMS_department.value",
                      data: index(index(local!datasubset.data, "EMS_department", null), "value", null)
                    ),
                    #"SYSTEM_SYSRULES_gridTextColumn"(
                      label: "Relative Experience",
                      field: "relativeExperience",
                      data: index(local!datasubset.data, "relativeExperience", null)
                    ),
                    #"SYSTEM_SYSRULES_gridTextColumn"(
                      label: "Total Experience",
                      field: "totalExperience",
                      data: index(local!datasubset.data, "totalExperience", null)
                    )
                  },
                  value: local!pagingInfo,
                  saveInto: local!pagingInfo
                )
              }
            )
          }
        )
      }
    )
  )
)</definition>
        <preferredEditor>interface</preferredEditor>
        <offlineEnabled>false</offlineEnabled>
    </rule>
    <roleMap public="true">
        <role inherit="true" allowForAll="false" name="readers">
            <users/>
            <groups/>
        </role>
        <role inherit="true" allowForAll="false" name="authors">
            <users/>
            <groups/>
        </role>
        <role inherit="true" allowForAll="false" name="administrators">
            <users/>
            <groups/>
        </role>
        <role inherit="false" allowForAll="false" name="denyReaders">
            <users/>
            <groups/>
        </role>
        <role inherit="false" allowForAll="false" name="denyAuthors">
            <users/>
            <groups/>
        </role>
        <role inherit="false" allowForAll="false" name="denyAdministrators">
            <users/>
            <groups/>
        </role>
    </roleMap>
</contentHaul>
